"AAIT",N/A,N/A

"AAL",35.75,36.45

"AALCP",27.56,27.75

"AAME",3.9362,3.97

"AAOI",17.64,20.75

"AAON",28.9417,29.72

"AAPL",524.60,534.57

"AAWW",31.84,32.79

"AAXJ",57.55,57.91

"ABAX",38.61,39.69

"ABCB",20.15,20.47

"ABCD",1.91,2.00

"ABCO",63.90,65.54

"ABFS",31.57,32.77

"ABGB",20.70,21.40

"ABIO",1.76,1.80

"ABMD",28.05,28.894

"ABTL",14.59,16.76

"ACAD",24.60,29.50

"ACAS",15.75,16.24

"ACAT",44.14,45.61

"ACCL",12.48,12.52

"ACET",18.2547,18.4796

"ACFC",4.00,4.184

"ACFN",3.55,3.73

"ACGL",55.43,55.97

"ACHC",49.99,52.99

"ACHN",3.35,3.54

"ACIW",58.49,60.09

"ACLS",2.20,2.29

"ACNB",18.61,19.38

"ACOR",35.41,36.69

"ACPW",3.3501,3.45

"ACRX",11.87,12.43

"ACSF",14.39,14.51

"ACST",1.24,1.36

"ACTG",13.25,14.51

"ACTS",2.40,2.45

"ACUR",1.85,1.95

"ACWI",57.20,57.46

"ACWX",46.02,46.23

"ACXM",36.87,37.40

"ADAT",1.03,1.48

"ADBE",67.55,68.44

"ADEP",17.00,17.69

"ADES",52.78,54.6899

"ADHD",21.36,22.2199

"ADI",51.09,51.60

"ADMP",6.64,6.87

"ADNC",11.55,11.72

"ADP",76.12,76.99

"ADRA",28.321,28.46

"ADRD",25.15,25.27

"ADRE",35.0205,35.218

"ADRU",25.07,25.23

"ADSK",54.62,55.55

"ADTN",25.89,26.66

"ADUS",26.80,27.83

"ADVS",30.76,31.43

"ADXS",5.04,5.2735

"ADXSW",2.1101,2.25

"AEGN",20.59,20.97

"AEGR",65.22,67.84

"AEHR",2.41,2.70

"AEIS",28.26,29.15

"AEPI",43.05,44.26

"AERI",20.351,21.39

"AETI",9.06,9.79

"AEY",2.90,2.91

"AEZS",1.27,1.34

"AFAM",28.45,29.60

"AFCB",19.75,19.75

"AFFX",7.36,7.50

"AFH",12.90,12.9987

"AFOP",12.14,12.70

"AFSI",34.702,35.54

"AGEN",3.595,4.04

"AGII",44.198,45.03

"AGIIL",22.15,22.62

"AGIO",31.10,33.19

"AGNC",21.93,22.23

"AGNCP",25.75,25.99

"AGND",N/A,N/A

"AGYS",13.56,14.06

"AGZD",49.40,49.40

"AHGP",60.5025,61.81

"AHPI",2.17,2.33

"AIMC",34.47,35.91

"AINV",8.92,9.01

"AIQ",28.55,30.00

"AIRM",53.72,54.93

"AIRT",12.00,12.00

"AIXG",17.26,17.50

"AKAM",61.27,62.50

"AKER",4.7301,4.80

"AKRX",25.73,26.94

"ALCO",37.20,37.95

"ALCS",10.31,10.39

"ALGN",52.90,54.0899

"ALGT",94.17,97.34

"ALIM",6.69,7.22

"ALKS",52.44,53.78

"ALLB",15.10,15.37

"ALLT",15.831,16.33

"ALNY",84.72,90.70

"ALOG",97.42,99.41

"ALOT",13.94,13.94

"ALQA",8.31,8.74

"ALSK",2.17,2.2175

"ALTI",4.77,5.12

"ALTR",35.50,35.89

"ALXA",5.4001,5.57

"ALXN",176.11,184.22

"AMAG",21.13,21.58

"AMAP",20.55,20.75

"AMAT",18.91,19.24

"AMBA",31.65,32.70

"AMBC",25.95,26.58

"AMBCW",15.23,15.75

"AMBI",10.87,11.06

"AMBT",1.88,1.9838

"AMCC",10.10,10.70

"AMCF",1.60,1.75

"AMCN",2.36,2.552

"AMCX",68.24,69.88

"AMDA",7.15,7.88

"AMED",16.39,17.00

"AMGN",123.26,125.50

"AMIC",11.8436,12.21

"AMKR",5.59,5.735

"AMNB",22.43,22.9375

"AMOT",11.028,11.78

"AMOV",19.95,20.34

"AMRB",9.60,9.85

"AMRI",14.19,15.135

"AMRN",1.82,1.97

"AMRS",3.45,3.73

"AMSC",1.89,1.97

"AMSF",39.90,40.73

"AMSG",42.69,43.96

"AMSWA",10.87,11.05

"AMWD",31.80,33.18

"AMZN",346.75,354.141

"ANAC",19.31,20.00

"ANAD",1.84,1.921

"ANAT",112.33,116.71

"ANCB",18.52,18.52

"ANCI",2.05,2.129

"ANCX",16.01,16.48

"ANDE",53.26,54.24

"ANGI",13.98,14.45

"ANGO",15.83,16.193

"ANIK",34.07,35.276

"ANIP",28.00,30.20

"ANSS",82.29,83.25

"ANTH",2.95,3.00

"AOSL",7.10,7.20

"APAGF",13.95,14.38

"APEI",43.48,44.99

"APFC",46.40,46.45

"APOG",33.51,34.19

"APOL",33.66,35.06

"APPY",2.42,2.5198

"APRI",2.38,2.55

"APSA",16.60,17.00

"APWC",3.17,3.30

"AQU",N/A,N/A

"AQUUU",N/A,N/A

"AQUUW",N/A,N/A

"ARAY",9.78,10.10

"ARCC",18.41,18.61

"ARCI",3.27,3.30

"ARCP",14.05,14.24

"ARCPP",22.17,22.30

"ARCW",26.74,27.8605

"AREX",20.49,21.02

"ARGS",8.10,8.29

"ARIA",8.86,9.15

"ARII",57.32,63.21

"ARIS",3.26,3.30

"ARKR",21.3748,21.64

"ARLP",81.30,82.09

"ARMH",48.11,49.13

"ARNA",6.67,7.03

"AROW",25.37,25.79

"ARQL",2.23,2.30

"ARRS",29.70,31.27

"ARRY",4.87,5.085

"ARTC",48.49,48.93

"ARTNA",22.1701,22.49

"ARTW",5.8001,5.90

"ARTX",2.5816,2.70

"ARUN",20.12,23.58

"ARWR",22.1801,23.03

"ASBB",17.3875,17.50

"ASBC",15.94,16.18

"ASBCW",N/A,N/A

"ASBI",13.50,13.50

"ASCMA",69.00,70.73

"ASDR",N/A,N/A

"ASEI",65.24,66.56

"ASFI",8.32,8.44

"ASMI",35.15,35.38

"ASML",88.5503,89.69

"ASNA",18.69,19.15

"ASPS",105.898,115.5158

"ASPX",22.6426,24.415

"ASRV",3.17,3.18

"ASRVP",26.60,26.65

"ASTC",2.65,2.78

"ASTE",36.49,37.36

"ASTI",0.68,0.705

"ASTM",3.38,3.466

"ASUR",5.63,5.94

"ASYS",9.55,10.10

"ATAI",3.93,3.95

"ATAX",5.82,5.90

"ATEA",3.46,3.6536

"ATEC",1.44,1.64

"ATHN",194.57,201.33

"ATHX",3.98,4.11

"ATLC",2.63,2.72

"ATLO",21.72,22.30

"ATMI",33.97,34.09

"ATML",7.89,8.00

"ATNI",60.81,62.02

"ATNY",2.81,2.955

"ATOS",2.27,2.31

"ATRC",21.45,22.21

"ATRI",287.22,295.88

"ATRM",6.00,6.09

"ATRO",62.075,63.88

"ATRS",4.74,4.90

"ATSG",6.15,6.37

"ATTU",11.01,11.40

"ATVI",19.70,19.92

"AUBN",N/A,N/A

"AUDC",8.1603,8.98

"AUXL",28.535,29.89

"AVAV",32.43,33.2163

"AVEO",1.78,1.93

"AVGO",58.40,59.50

"AVHI",19.44,19.90

"AVID",6.90,7.21

"AVNR",3.98,4.09

"AVNW",1.99,2.05

"AWAY",47.31,48.619

"AWRE",5.9101,6.28

"AXAS",3.27,3.35

"AXDX",13.872,15.00

"AXFN",25.602,25.602

"AXGN",4.13,4.38

"AXJS",56.09,56.09

"AXTI",2.35,2.42

"AZPN",47.08,48.18

"BABY",25.07,25.9996

"BAGL",15.57,15.95

"BAGR",4.50,4.83

"BAMM",2.28,2.37

"BANC",12.65,12.845

"BANCL",25.515,25.60

"BANCP",25.83,26.05

"BANF",53.40,54.07

"BANFP",N/A,N/A

"BANR",37.11,37.90

"BANX",24.50,24.90

"BASI",2.741,2.84

"BAXS",1.27,1.3396

"BBBY",64.46,65.28

"BBCN",15.96,16.23

"BBEP",20.88,21.10

"BBGI",8.77,9.0999

"BBNK",22.79,23.43

"BBOX",26.49,28.51

"BBRG",14.30,14.50

"BBRY",9.13,9.42

"BBSI",65.56,71.20

"BCBP",13.07,13.29

"BCOM",15.07,15.27

"BCOR",19.10,21.57

"BCOV",9.33,9.54

"BCPC",49.75,50.57

"BCRX",11.70,12.46

"BDBD",13.785,14.27

"BDE",10.03,10.27

"BDGE",26.14,26.89

"BDMS",17.26,18.00

"BDSI",8.85,9.09

"BEAT",9.53,9.97

"BEAV",82.00,82.98

"BEBE",5.23,5.445

"BECN",37.55,39.252

"BELFA",19.38,19.38

"BELFB",19.08,19.65

"BFIN",9.96,10.33

"BGCP",6.95,7.06

"BGFV",16.92,17.39

"BGMD",1.21,1.29

"BIB",102.01,106.2399

"BICK",23.24,23.3899

"BIDU",170.90,175.23

"BIIB",334.47,349.77

"BIND",13.86,14.38

"BIOC",9.03,9.635

"BIOD",3.01,3.10

"BIOF",1.81,2.00

"BIOL",3.04,3.33

"BIOS",8.351,8.65

"BIRT",5.65,5.78

"BIS",13.95,14.5598

"BJRI",25.11,26.18

"BKCC",9.52,9.64

"BKEP",9.00,9.10

"BKEPP",9.63,9.75

"BKMU",6.19,6.4052

"BKSC",15.0254,15.04

"BKYF",34.20,34.95

"BLDP",2.31,2.45

"BLDR",7.79,8.84

"BLIN",1.12,1.18

"BLKB",32.67,33.14

"BLMN",22.47,23.16

"BLMT",16.34,17.00

"BLRX",2.79,2.83

"BLUE",22.85,23.93

"BLVDU",10.01,10.0102

"BMRC",42.92,44.22

"BMRN",79.7534,82.09

"BMTC",27.94,28.60

"BNCL",11.76,12.215

"BNCN",16.9561,17.27

"BNDX",50.17,50.2899

"BNFT",63.6101,66.28

"BNSO",1.85,1.8736

"BOBE",49.30,50.06

"BOCH",6.03,6.10

"BODY",3.14,3.20

"BOFI",85.81,87.73

"BOKF",62.06,62.89

"BOLT",20.79,21.84

"BONA",6.40,6.92

"BONT",9.12,9.69

"BOOM",22.71,23.005

"BOSC",6.53,6.75

"BOTA",5.77,6.40

"BOTJ",8.66,9.2499

"BPFH",11.81,11.9899

"BPFHP",23.50,23.75

"BPFHW",5.43,5.43

"BPHX",4.50,4.50

"BPOP",26.36,26.80

"BPOPM",18.1499,18.2799

"BPOPN",19.3354,19.35

"BRCD",9.46,9.70

"BRCM",30.66,31.13

"BREW",15.5165,16.2399

"BRID",9.59,9.78

"BRKL",8.716,8.92

"BRKR",22.16,22.53

"BRKS",10.28,10.53

"BRLI",27.085,27.892

"BSDM",1.1907,1.29

"BSET",13.31,13.52

"BSFT",29.834,30.94

"BSPM",2.27,2.68

"BSQR",3.38,3.47

"BSRR",16.28,16.77

"BSTC",22.90,24.00

"BTUI",3.00,3.25

"BUR",N/A,N/A

"BUSE",5.71,5.81

"BV",7.12,7.4692

"BVA",N/A,N/A

"BVSN",13.22,13.86

"BWEN",8.52,9.0499

"BWINA",22.7956,23.4901

"BWINB",24.32,25.41

"BWLD",132.14,134.318

"BYBK",4.98,4.98

"BYFC",N/A,N/A

"BYLK",12.27,12.48

"CA",32.41,32.8899

"CAAS",7.5001,7.73

"CAC",35.65,36.9375

"CACB",4.74,4.85

"CACC",132.14,134.698

"CACG",9.85,9.94

"CACGU",10.52,10.652

"CACGW",N/A,N/A

"CACH",4.7775,4.95

"CACQ",13.35,14.45

"CADC",5.50,6.00

"CADX",13.98,14.03

"CAFI",6.28,6.45

"CAKE",46.23,46.8514

"CALD",12.14,12.61

"CALI",3.79,3.8601

"CALL",19.45,20.38

"CALM",52.29,53.12

"CAMB",9.59,9.64

"CAMBU",10.00,10.18

"CAMBW",0.40,0.40

"CAMP",31.13,32.02

"CAMT",4.25,4.40

"CAR",43.83,44.89

"CARA",14.00,15.60

"CARB",10.28,10.58

"CART",3.34,3.34

"CARV",14.40,14.98

"CARZ",39.18,39.5799

"CASH",40.99,42.08

"CASM",2.11,2.24

"CASS",52.70,54.9237

"CASY",66.69,67.90

"CATM",39.12,39.79

"CATY",23.83,24.34

"CATYW",N/A,N/A

"CAVM",40.22,41.13

"CBAK",2.01,2.27

"CBAN",6.25,6.30

"CBEY",6.85,7.11

"CBF",22.42,23.00

"CBIN",22.07,22.30

"CBLI",0.683,0.70

"CBMX",2.77,2.87

"CBMXW",2.62,3.10

"CBNJ",10.46,10.46

"CBNK",17.44,17.68

"CBOE",54.08,54.95

"CBPO",36.45,37.8261

"CBRL",97.26,99.31

"CBRX",6.88,7.00

"CBSH",42.80,43.34

"CBST",77.65,79.16

"CBSTZ",0.65,0.73

"CCBG",12.82,13.00

"CCCL",2.15,2.19

"CCCR",6.35,6.68

"CCIH",20.20,23.75

"CCMP",42.34,43.47

"CCNE",17.93,18.40

"CCOI",39.93,40.886

"CCRN",10.38,10.86

"CCUR",8.62,8.75

"CCXI",7.18,7.65

"CDNS",14.84,15.20

"CDTI",2.51,2.70

"CDW",24.518,24.72

"CDXS",1.85,2.04

"CDZI",7.66,7.92

"CECE",15.49,15.76

"CECO",5.98,6.50

"CEDU",6.82,6.96

"CELG",160.225,164.74

"CELGZ",2.71,2.85

"CEMI",3.29,3.33

"CEMP",13.09,13.53

"CENT",7.4101,7.50

"CENTA",7.3302,7.48

"CENX",11.12,12.11

"CERE",1.41,1.47

"CERN",60.634,62.25

"CERS",7.30,7.67

"CETV",2.82,2.94

"CEVA",17.41,18.15

"CFBK",1.4299,1.44

"CFFI",35.02,36.05

"CFFN",11.93,12.05

"CFNB",14.80,14.96

"CFNL",16.24,16.78

"CG",36.11,37.18

"CGEN",11.41,11.64

"CGIX",19.53,20.13

"CGNX",37.63,38.37

"CGO",14.67,14.90

"CHCI",1.73,1.83

"CHCO",42.93,43.47

"CHDN",91.735,93.40

"CHDX",19.08,19.34

"CHEF",22.60,23.42

"CHEV",10.32,10.59

"CHFC",28.75,29.20

"CHFN",10.57,10.78

"CHI",13.86,14.09

"CHKE",13.45,13.835

"CHKP",67.30,68.14

"CHLN",2.22,2.33

"CHMG",28.24,29.85

"CHNR",5.03,5.3453

"CHOP",1.06,1.07

"CHRM",3.97,4.03

"CHRW",54.10,54.67

"CHSCO",27.2176,27.49

"CHSCP",28.61,28.8999

"CHTP",5.865,6.06

"CHTR",124.00,132.02

"CHUY",39.10,40.47

"CHW",8.99,9.07

"CHXF",49.3301,49.44

"CHY",13.53,13.69

"CHYR",2.68,2.7799

"CIDM",2.80,2.88

"CIFC",7.845,8.00

"CIMT",8.79,8.88

"CINF",46.50,46.97

"CISAA",10.14,10.22

"CISAU",10.32,10.32

"CISAW",N/A,N/A

"CISG",5.54,5.85

"CIZN",18.30,18.60

"CJJD",1.45,1.53

"CKEC",28.85,29.51

"CKSW",9.23,9.49

"CLAC",N/A,N/A

"CLACU",10.05,10.32

"CLACW",N/A,N/A

"CLBH",10.53,10.54

"CLCT",19.20,19.6063

"CLDN",7.50,7.67

"CLDX",28.9301,31.825

"CLFD",25.60,26.59

"CLIR",7.76,9.236

"CLMS",11.42,11.57

"CLMT",26.86,27.86

"CLNE",9.621,9.71

"CLNT",5.5222,5.74

"CLRO",9.21,9.40

"CLRX",3.35,3.44

"CLSN",3.5701,3.67

"CLTX",7.05,7.48

"CLUB",8.50,8.855

"CLVS",73.321,76.3799

"CLWT",5.20,5.3301

"CMCO",24.74,26.37

"CMCSA",51.00,52.0599

"CMCSK",49.15,50.255

"CME",73.57,74.82

"CMFN",15.65,16.50

"CMGE",37.50,39.84

"CMLS",6.74,7.19

"CMRX",19.57,19.88

"CMSB",9.30,9.40

"CMTL",31.35,31.99

"CNAT",10.71,11.47

"CNBC",17.43,17.68

"CNBKA",35.26,35.9499

"CNCE",14.02,14.74

"CNDO",2.67,2.8401

"CNET",1.06,1.15

"CNIT",5.42,5.85

"CNMD",47.71,49.0548

"CNOB",43.61,44.75

"CNQR",125.92,127.7999

"CNSI",34.39,34.96

"CNSL",19.14,19.36

"CNTF",2.1001,2.24

"CNTY",6.73,7.03

"CNVR",24.53,25.09

"CNYD",4.60,5.02

"COA",8.05,9.10

"COB",10.61,11.35

"COBK",11.64,11.80

"COBR",3.349,3.46

"COBZ",10.84,11.30

"COCO",1.443,1.54

"COHR",66.36,67.17

"COHU",9.325,9.562

"COKE",72.97,75.00

"COLB",24.99,25.33

"COLM",81.64,84.00

"COMM",21.82,24.38

"CONE",21.86,22.80

"CONN",32.61,34.58

"COOL",0.52,0.5499

"CORE",77.684,78.32

"CORT",3.25,3.41

"COSI",1.26,1.3506

"COST",112.92,115.49

"COVS",10.00,10.22

"COWN",3.87,3.96

"CPAH",1.08,1.15

"CPGI",N/A,N/A

"CPHC",N/A,N/A

"CPHD",52.95,54.13

"CPIX",4.69,4.9225

"CPLA",65.19,66.455

"CPLP",10.38,10.56

"CPRT",34.09,34.83

"CPRX",2.10,2.38

"CPSI",70.22,71.0699

"CPSL",1.5201,1.60

"CPSS",7.55,7.89

"CPST",1.7199,1.78

"CPTA",19.5425,20.00

"CPWR",10.545,10.625

"CPXX",3.42,3.48

"CRAI",22.22,23.05

"CRAY",34.46,35.99

"CRDC",1.14,1.18

"CRDS",2.3501,2.50

"CREE",60.20,62.00

"CREG",2.88,3.09

"CRESW",0.06,0.065

"CRESY",8.83,9.02

"CRIS",3.17,3.40

"CRMB",0.671,0.7989

"CRMBU",0.7211,0.83

"CRMBW",0.057,0.057

"CRME",8.7875,8.99

"CRMT",35.258,35.9135

"CRNT",3.00,3.04

"CROX",15.35,15.90

"CRRC",15.70,16.40

"CRRS",2.55,2.75

"CRTO",43.02,45.50

"CRUS",18.045,18.78

"CRVL",45.55,46.99

"CRWN",3.255,3.44

"CRWS",8.30,8.70

"CRZO",44.40,45.33

"CSBK",12.96,13.155

"CSCD",8.71,9.00

"CSCO",22.13,22.45

"CSFL",10.76,10.95

"CSGP",183.15,198.99

"CSGS",26.51,26.82

"CSII",35.87,37.00

"CSIQ",36.11,39.75

"CSOD",57.89,59.96

"CSPI",7.61,7.805

"CSQ",10.97,11.06

"CSRE",45.56,46.08

"CSTE",52.00,54.41

"CSUN",5.629,5.89

"CSWC",35.00,35.605

"CTAS",60.70,62.6999

"CTBI",38.10,38.60

"CTCH",3.95,4.09

"CTCM",11.22,11.56

"CTCT",27.78,28.759

"CTG",15.92,16.65

"CTHR",3.88,4.22

"CTIB",5.57,5.80

"CTIC",3.41,3.57

"CTRL",19.00,19.72

"CTRN",16.0501,16.33

"CTRP",49.08,50.40

"CTRX",50.96,52.07

"CTSH",101.07,103.36

"CTWS",33.546,34.23

"CTXS",59.25,61.1099

"CU",23.0344,23.49

"CUBA",8.061,8.162

"CUBI",19.15,19.65

"CUBIL",N/A,N/A

"CUI",8.36,8.705

"CUNB",17.8218,18.00

"CUTR",10.54,10.8799

"CVBF",14.752,15.01

"CVCO",73.18,75.917

"CVCY",11.41,11.80

"CVGI",8.67,8.91

"CVGW",29.84,30.85

"CVLT",68.68,70.64

"CVLY",20.25,20.60

"CVTI",9.8512,10.20

"CVV",16.20,16.90

"CWAY",10.21,10.289

"CWBC",7.1037,7.235

"CWCO",12.71,13.01

"CWST",5.35,5.53

"CWTR",0.7011,0.728

"CXDC",4.70,4.7698

"CY",10.02,10.27

"CYAN",5.45,5.73

"CYBE",7.20,7.70

"CYBX",68.998,71.35

"CYCC",3.75,3.8515

"CYCCP",N/A,N/A

"CYHHZ",0.0423,0.05

"CYNO",29.66,30.41

"CYOU",27.60,30.60

"CYTK",9.38,10.19

"CYTR",5.61,5.82

"CYTX",3.08,3.47

"CYTXW",1.0499,1.45

"CZFC",N/A,N/A

"CZNC",19.62,19.94

"CZR",22.96,23.74

"CZWI",8.2001,8.30

"DAEG",1.01,1.09

"DAIO",2.7788,2.8646

"DAKT",14.22,14.55

"DARA",2.52,2.64

"DATE",6.96,7.3465

"DAVE",25.40,26.00

"DBLE",2.18,2.25

"DBLEP",23.52,23.7399

"DCIN",5.66,6.001

"DCIX",4.14,4.21

"DCOM",15.95,16.2099

"DCTH",0.305,0.3199

"DECK",82.62,86.3099

"DENN",6.41,6.55

"DEPO",12.75,13.10

"DEST",27.04,27.40

"DFRG",23.30,23.86

"DFZ",18.10,18.515

"DGAS",19.88,20.38

"DGICA",14.18,14.7315

"DGICB",N/A,N/A

"DGII",9.83,10.04

"DGLD",61.12,62.264

"DGLY",7.87,8.49

"DGRE",23.46,23.47

"DGRS",27.55,27.622

"DGRW",27.2401,27.40

"DHIL",115.0001,116.96

"DHRM",9.45,10.54

"DIOD",23.37,24.652

"DISCA",81.64,83.025

"DISCB",N/A,N/A

"DISCK",75.91,77.57

"DISH",57.45,59.95

"DJCO",159.00,163.90

"DLHC",2.52,2.67

"DLIA",0.68,0.76

"DLLR",7.33,7.54

"DLNG",21.50,22.48

"DLTR",51.38,52.27

"DMLP",24.88,25.184

"DMND",27.34,28.16

"DMRC",29.108,31.50

"DNBF",19.00,19.42

"DNDN",2.92,3.06

"DNKN",49.93,50.7199

"DORM",55.69,56.847

"DOVR",N/A,N/A

"DOX",44.32,44.6799

"DRAD",3.66,3.85

"DRAM",2.48,2.79

"DRIV",17.96,18.35

"DRNA",38.22,40.9261

"DRRX",1.52,1.589

"DRTX",13.80,14.10

"DRWI",1.4016,1.47

"DRYS",3.49,3.57

"DSCI",14.48,15.39

"DSCO",2.45,2.62

"DSGX",13.82,13.96

"DSKX",2.28,2.30

"DSLV",35.19,36.87

"DSPG",8.53,8.94

"DSWL",2.25,2.34

"DTLK",13.00,13.9893

"DTSI",19.801,20.58

"DTV",74.97,75.73

"DVAX",1.83,1.95

"DVCR",5.20,5.50

"DWA",32.58,33.29

"DWCH",31.86,33.83

"DWSN",29.25,29.90

"DXCM",42.55,47.74

"DXGE",27.1901,27.21

"DXJS",28.72,29.02

"DXKW",23.35,23.42

"DXLG",5.33,5.548

"DXM",6.858,7.539

"DXPE",98.24,100.00

"DXPS",27.1701,27.38

"DXYN",13.71,14.75

"DYAX",10.03,10.50

"DYNT",3.65,3.6899

"DYSL",1.20,1.24

"EA",27.80,28.205

"EAC",20.60,21.02

"EAGL",N/A,N/A

"EAGLU",N/A,N/A

"EAGLW",0.62,0.62

"EBAY",54.58,55.51

"EBIO",12.80,15.00

"EBIX",15.50,16.98

"EBMT",10.93,11.64

"EBSB",24.31,24.60

"EBTC",18.27,18.91

"ECHO",16.60,17.36

"ECOL",34.61,35.63

"ECPG",49.01,49.6299

"ECTE",3.12,3.26

"ECYT",14.47,15.223

"EDAP",3.30,3.58

"EDGW",6.04,6.37

"EDMC",5.89,6.40

"EDS",1.73,1.735

"EDUC",3.74,3.77

"EEFT",36.1628,36.4774

"EEI",12.01,12.299

"EEMA",54.607,54.89

"EEME",48.77,49.88

"EEML",N/A,N/A

"EFII",42.06,42.72

"EFSC",17.96,18.46

"EFUT",5.26,5.44

"EGAN",8.88,9.18

"EGBN",32.97,33.67

"EGHT",9.69,10.00

"EGLE",3.81,3.95

"EGLT",12.02,12.28

"EGOV",19.41,19.77

"EGRW",N/A,N/A

"EGRX",11.41,12.30

"EGT",1.041,1.10

"EHTH",48.51,53.50

"EIGI",13.41,13.835

"ELGX",17.01,17.67

"ELNK",3.98,4.27

"ELON",2.79,2.92

"ELOS",11.49,11.84

"ELRC",17.20,17.54

"ELSE",4.05,4.05

"ELTK",2.3101,2.43

"EMCB",74.1182,75.039

"EMCF",25.30,25.30

"EMCG",23.15,23.15

"EMCI",28.75,31.4281

"EMDI",N/A,N/A

"EMDR",N/A,N/A

"EMEY",35.26,35.26

"EMFN",N/A,N/A

"EMIF",32.03,32.25

"EMITF",0.16,0.1895

"EMKR",4.8201,4.9696

"EML",15.6323,15.9525

"EMMS",3.40,3.5799

"EMMSP",N/A,N/A

"EMMT",N/A,N/A

"ENDP",75.872,78.64

"ENG",1.52,1.59

"ENMD",1.83,1.89

"ENOC",22.15,22.50

"ENPH",7.33,8.00

"ENSG",38.28,39.16

"ENT",17.142,17.85

"ENTA",38.20,40.00

"ENTG",11.8301,12.08

"ENTR",4.15,4.27

"ENVI",3.56,3.66

"ENZN",0.96,0.99

"ENZY",26.02,27.00

"EONC",5.30,5.73

"EOPN",27.72,29.25

"EPAX",3.81,4.00

"EPAY",34.49,35.54

"EPIQ",13.88,14.31

"EPZM",29.92,31.4699

"EQIX",187.79,190.02

"ERIC",12.615,12.74

"ERIE",69.89,71.07

"ERII",4.53,5.00

"EROC",5.105,5.2353

"ERS",4.37,4.43

"ERW",N/A,N/A

"ESBF",12.78,13.24

"ESBK",24.00,24.00

"ESCA",11.63,12.04

"ESEA",1.25,1.32

"ESGR",125.17,126.79

"ESIO",9.20,9.35

"ESLT",57.8993,58.29

"ESMC",1.50,1.56

"ESPR",14.85,15.55

"ESRX",72.92,75.40

"ESSA",10.66,10.86

"ESSX",3.08,3.29

"ESXB",3.98,4.04

"ESYS",12.53,12.84

"ETFC",22.34,22.85

"ETRM",2.35,2.45

"EUFN",25.42,25.69

"EVAL",N/A,N/A

"EVBS",6.63,6.84

"EVEP",34.42,35.91

"EVOK",9.91,11.00

"EVOL",8.90,9.11

"EVRY",7.66,7.95

"EWBC",34.05,34.40

"EXA",15.25,15.83

"EXAC",22.83,24.34

"EXAS",13.4004,14.3399

"EXEL",6.38,7.13

"EXFO",4.352,4.44

"EXLP",28.66,29.50

"EXLS",26.70,27.42

"EXPD",41.43,41.94

"EXPE",79.82,81.775

"EXPO",71.63,72.40

"EXTR",5.86,6.09

"EXXI",23.60,24.10

"EZCH",25.05,25.87

"EZPW",12.15,12.62

"FALC",1.56,1.59

"FANG",62.93,64.42

"FARM",21.00,21.30

"FARO",55.052,57.25

"FAST",45.285,45.84

"FATE",5.98,6.09

"FB",68.45,69.96

"FBIZ",42.00,42.45

"FBMI",18.37,18.845

"FBMS",14.48,14.50

"FBNC",17.21,17.55

"FBNK",15.50,15.67

"FBRC",25.66,26.76

"FBSS",15.65,15.65

"FCAP",20.49,20.50

"FCBC",15.76,16.09

"FCCO",10.97,11.04

"FCCY",10.06,10.427

"FCEL",1.65,1.74

"FCFS",50.17,51.42

"FCHI",46.1699,46.1699

"FCLF",9.14,9.14

"FCNCA",219.61,221.73

"FCS",13.06,13.66

"FCTY",7.45,7.68

"FCVA",N/A,N/A

"FCZA",8.7321,8.99

"FCZAP",28.70,28.75

"FDEF",27.00,27.25

"FDML",16.85,17.78

"FDUS",21.12,21.29

"FEFN",28.072,28.10

"FEIC",101.99,103.30

"FEIM",11.11,12.00

"FELE",42.142,43.43

"FES",3.44,3.88

"FEYE",72.09,73.88

"FFBC",16.066,16.38

"FFBCW",N/A,N/A

"FFBH",8.492,8.6988

"FFCO",N/A,N/A

"FFHL",1.1399,1.17

"FFIC",19.82,20.24

"FFIN",58.02,59.20

"FFIV",109.70,112.99

"FFKT",18.54,18.96

"FFKY",4.50,4.51

"FFNM",5.00,5.08

"FFNW",10.30,10.56

"FHCO",6.87,6.96

"FIBK",24.86,25.4487

"FINL",24.77,25.48

"FISH",17.45,17.6779

"FISI",21.62,21.90

"FISV",57.025,57.86

"FITB",21.34,21.605

"FITBI",25.92,26.0299

"FIVE",34.98,35.59

"FIZZ",20.77,21.54

"FLDM",45.72,48.4999

"FLEX",9.15,9.24

"FLIC",38.65,39.90

"FLIR",32.03,32.91

"FLL",2.51,2.55

"FLML",10.00,10.24

"FLWS",5.20,5.32

"FLXN",14.7001,15.48

"FLXS",36.15,36.93

"FMBI",15.525,16.30

"FMER",19.84,20.15

"FMI",31.525,32.14

"FMNB",7.365,7.454

"FNFG",8.54,8.72

"FNGN",51.275,57.25

"FNHC",12.70,13.00

"FNLC",16.23,16.54

"FNRG",5.85,5.9199

"FNSR",24.51,25.13

"FOLD",2.56,2.72

"FONE",34.13,34.13

"FONR",21.10,22.9358

"FORD",1.53,1.72

"FORM",6.64,6.77

"FORR",35.44,36.21

"FORTY",N/A,N/A

"FOSL",118.81,120.97

"FOX",31.775,32.29

"FOXA",32.56,33.04

"FOXF",16.03,16.83

"FPRX",16.74,17.93

"FRAN",17.91,18.65

"FRBA",6.35,6.35

"FRBK",3.50,3.59

"FRED",17.08,17.47

"FREE",1.68,1.7755

"FRGI",45.69,46.50

"FRME",20.29,20.515

"FRNK",19.57,20.05

"FRP",13.50,13.69

"FSBK",8.2601,8.70

"FSBW",16.80,16.8504

"FSC",9.65,9.74

"FSCFL",22.7601,23.5799

"FSFG",22.92,22.92

"FSFR",14.06,14.22

"FSGI",1.86,1.94

"FSLR",55.70,57.54

"FSRV",43.844,44.57

"FSTR",42.23,44.28

"FSYS",12.84,13.25

"FTCS",33.386,33.5099

"FTD",30.79,31.29

"FTEK",5.61,6.09

"FTGC",33.5799,33.84

"FTHI",19.623,19.67

"FTLB",19.64,19.66

"FTNT",22.40,22.90

"FTR",4.61,4.715

"FTSL",49.64,49.7715

"FUBC",7.31,7.57

"FUEL",53.26,57.50

"FULL",7.6804,7.85

"FULLL",25.98,26.00

"FULT",12.035,12.16

"FUNC",7.41,7.60

"FUND",7.7499,7.85

"FURX",93.43,98.62

"FWLT",32.00,32.29

"FWM",7.38,7.98

"FWRD",44.05,44.50

"FXCB",16.87,17.14

"FXEN",3.55,3.68

"GABC",26.96,28.21

"GAGA",3.35,3.35

"GAI",6.21,6.21

"GAIA",6.56,6.75

"GAIN",8.00,8.11

"GAINP",26.10,26.2299

"GALE",3.91,4.12

"GALT",14.8101,15.51

"GALTU",39.99,40.00

"GALTW",10.10,10.26

"GAME",6.57,6.80

"GARS",14.305,14.59

"GASS",10.00,10.25

"GBCI",25.75,26.12

"GBDC",18.9701,19.116

"GBLI",24.30,26.17

"GBNK",14.01,14.54

"GCBC",25.75,25.76

"GCVRZ",0.37,0.38

"GDEF",10.08,10.09

"GENC",10.80,11.1425

"GENE",1.70,1.84

"GENT",56.61,57.00

"GEOS",72.45,75.3562

"GERN",4.77,5.02

"GEVA",109.27,111.50

"GEVO",1.21,1.25

"GFED",11.00,11.03

"GFN",6.77,6.84

"GFNCP",104.00,104.04

"GGAL",9.42,9.69

"GHDX",28.24,29.23

"GIFI",20.46,20.91

"GIGA",1.43,1.50

"GIGM",1.2801,1.35

"GIII",64.5561,65.57

"GILD",82.58,83.62

"GILT",5.03,5.1996

"GIVN",29.97,30.00

"GK",60.76,62.15

"GKNT",13.54,17.87

"GLAD",9.98,10.09

"GLADP",25.5601,25.75

"GLBS",3.401,3.61

"GLBZ",12.09,12.099

"GLCB",N/A,N/A

"GLCH",11.06,11.50

"GLDC",4.11,4.25

"GLDD",7.83,7.95

"GLDI",14.688,14.73

"GLNG",33.59,34.475

"GLPI",37.88,39.18

"GLPW",17.62,18.24

"GLRE",32.05,32.61

"GLUU",4.67,4.93

"GLYC",10.2201,10.58

"GMAN",6.14,6.43

"GMCR",121.861,124.20

"GMETP",6.40,6.40

"GMLP",29.46,30.21

"GNCA",11.91,12.20

"GNCMA",10.02,10.22

"GNMA",48.66,48.87

"GNMK",12.83,13.06

"GNTX",31.32,31.875

"GNVC",3.30,3.5097

"GOGO",19.89,20.29

"GOLD",80.29,81.7599

"GOMO",25.85,27.01

"GOOD",17.45,17.69

"GOODN",25.70,25.70

"GOODO",25.00,25.10

"GOODP",N/A,N/A

"GOOG",1202.835,1209.87

"GPIC",8.65,9.02

"GPOR",62.90,64.99

"GPRC",2.58,2.6101

"GPRE",25.68,26.52

"GRFS",39.49,40.139

"GRID",38.5178,38.5178

"GRIF",30.15,30.80

"GRMN",51.54,52.33

"GROW",3.62,3.86

"GRPN",8.00,8.97

"GRVY",1.02,1.05

"GSBC",27.47,28.11

"GSIG",11.77,12.25

"GSIT",6.73,6.93

"GSJK",22.00,23.399

"GSM",18.50,19.05

"GSOL",6.80,7.03

"GSVC",12.68,13.08

"GT",26.41,26.81

"GTAT",12.05,12.80

"GTIM",2.71,2.91

"GTIV",10.61,10.84

"GTLS",88.895,90.29

"GTPPP",73.53,74.305

"GTWN",N/A,N/A

"GTXI",1.74,1.81

"GUID",10.78,11.31

"GULF",22.41,22.58

"GURE",2.2801,2.40

"GWPH",55.31,57.99

"GYRO",6.62,6.81

"HA",11.00,11.39

"HAFC",21.86,22.35

"HAIN",87.26,88.62

"HALL",8.46,8.72

"HALO",14.90,15.84

"HART",4.04,4.32

"HAS",54.20,54.63

"HAST",1.80,1.923

"HAWK",22.21,23.73

"HAYN",49.37,50.40

"HBAN",8.965,9.15

"HBANP",1264.01,1266.10

"HBCP",20.50,20.858

"HBHC",33.3701,33.94

"HBIO",4.35,4.52

"HBK",13.99,14.07

"HBMD",12.47,12.99

"HBNC",21.79,22.7275

"HBNK",N/A,N/A

"HBOS",18.56,18.87

"HBP",4.50,4.79

"HCACU",N/A,N/A

"HCAP",15.11,15.65

"HCBK",9.08,9.22

"HCCI",17.25,19.72

"HCIIP",46.32,47.36

"HCKT",6.01,6.16

"HCOM",27.75,28.64

"HCSG",26.48,27.0706

"HDNG",14.51,14.90

"HDS",21.31,22.11

"HDSN",3.0684,3.16

"HEES",30.62,32.119

"HELE",62.54,63.15

"HEOP",8.13,8.374

"HERO",4.53,4.63

"HFBC",11.56,11.70

"HFBL",17.56,17.56

"HFFC",13.1501,13.44

"HFWA",17.22,17.60

"HGSH",4.20,4.50

"HIBB",56.47,57.17

"HIFS",77.86,78.56

"HIHO",2.97,3.07

"HIIQ",11.25,12.00

"HILL",5.21,5.34

"HIMX",13.40,14.00

"HITK",43.41,43.47

"HITT",55.52,57.49

"HKTV",7.55,7.6793

"HLIT",6.469,6.60

"HLSS",19.84,21.00

"HMHC",20.06,20.36

"HMIN",36.52,38.04

"HMNF",12.2298,12.59

"HMNY",5.29,5.52

"HMPR",1.55,1.62

"HMST",18.0554,18.36

"HMSY",20.25,20.77

"HMTV",11.20,11.64

"HNH",18.705,19.24

"HNRG",8.14,8.32

"HNSN",2.24,2.38

"HOFT",14.42,15.40

"HOLI",19.20,20.15

"HOLX",21.45,21.91

"HOMB",32.67,33.27

"HOME",14.55,14.65

"HOTR",3.6401,3.6997

"HOTRW",N/A,N/A

"HOVNP",15.40,15.70

"HPAC",10.38,10.44

"HPJ",2.88,3.0396

"HPTX",27.55,28.40

"HRTX",13.30,13.74

"HRZN",14.5225,14.64

"HSIC",117.45,119.15

"HSII",17.20,17.49

"HSKA",9.23,9.82

"HSNI",57.15,58.20

"HSOL",2.91,3.08

"HSON",3.71,3.79

"HSTM",27.37,29.33

"HTBI",15.65,15.70

"HTBK",8.00,8.26

"HTBX",7.84,8.45

"HTCH",3.61,3.74

"HTCO",14.2001,14.68

"HTHT",27.5522,28.06

"HTLD",20.06,20.29

"HTLF",25.96,26.85

"HTWO",10.19,10.1949

"HTWR",99.79,102.2515

"HUBG",40.065,40.999

"HURC",24.82,25.43

"HURN",65.464,66.41

"HWAY",14.20,14.70

"HWBK",12.71,12.71

"HWCC",13.44,13.70

"HWKN",34.924,35.48

"HYGS",24.66,25.40

"HYLS",51.88,52.10

"HYND",24.55,24.55

"HYZD",25.01,25.01

"HZNP",11.11,12.25

"IACI",73.98,76.06

"IART",47.24,48.07

"IBB",265.56,271.05

"IBCA",7.39,7.51

"IBCP",11.81,12.28

"IBKC",61.7101,62.94

"IBKR",21.604,21.98

"IBOC",21.475,22.06

"IBTX",54.222,54.94

"ICAD",11.56,12.83

"ICCC",4.20,4.29

"ICEL",14.90,15.336

"ICFI",33.95,34.45

"ICGE",20.24,20.57

"ICLD",13.215,13.799

"ICLDW",8.56,8.76

"ICLN",10.74,10.9289

"ICLR",46.53,50.00

"ICON",38.9855,39.87

"ICPT",369.5743,381.00

"ICUI",58.08,60.475

"IDCC",30.05,30.72

"IDIX",6.95,7.4799

"IDRA",5.10,6.09

"IDSA",3.06,3.46

"IDSY",6.10,6.29

"IDTI",12.11,12.50

"IDXX",124.38,126.425

"IEP",110.00,113.186

"IESC",6.04,6.22

"IFAS",30.83,30.83

"IFEU",36.83,36.90

"IFGL",30.37,30.51

"IFNA",49.30,50.179

"IFON",2.929,3.25

"IFSM",45.46,45.9571

"IGLD",8.71,8.9499

"IGOV",101.6537,102.0482

"IGTE",34.68,36.16

"III",5.20,5.40

"IIIN",18.94,19.21

"IIJI",9.93,10.03

"IILG",26.52,27.15

"IIN",4.49,4.81

"IIVI",16.109,16.51

"IKAN",0.82,0.849

"IKGH",2.68,2.75

"IKNX",17.10,25.00

"ILMN",171.53,175.75

"IMCB",16.50,17.00

"IMGN",16.47,17.78

"IMI",3.88,3.95

"IMKTA",23.43,23.68

"IMMR",11.35,12.35

"IMMU",5.09,5.35

"IMMY",7.00,7.40

"IMOS",21.82,22.48

"IMRS",2.53,2.71

"INAP",7.65,8.18

"INBK",21.279,23.30

"INCY",61.9201,66.26

"INDB",34.696,35.25

"INDY",22.67,22.87

"INFA",40.24,41.00

"INFI",13.72,14.07

"INFN",8.32,8.51

"INGN",15.45,16.70

"ININ",75.84,76.81

"INOD",3.15,3.29

"INPH",4.40,4.60

"INSM",18.42,18.94

"INSY",60.21,63.1699

"INTC",24.35,24.96

"INTG",18.61,18.64

"INTL",18.01,18.43

"INTLL",N/A,N/A

"INTU",74.20,78.74

"INTX",6.40,6.64

"INVE",0.9001,0.975

"INWK",7.26,7.98

"INXB",N/A,N/A

"INXBU",8.60,8.69

"INXBW",0.70,0.70

"IOSP",43.87,44.50

"IPAR",32.10,32.75

"IPAS",1.53,1.59

"IPCC",73.21,74.20

"IPCI",3.69,3.7399

"IPCM",53.10,56.21

"IPDN",3.18,3.22

"IPGP",66.77,68.81

"IPHS",52.33,53.40

"IPWR",6.85,7.399

"IPXL",25.00,27.91

"IQNT",11.86,12.19

"IRBT",44.1101,46.149

"IRDM",6.20,6.32

"IRDMZ",N/A,N/A

"IRG",12.35,12.71

"IRIX",7.95,8.37

"IROQ",N/A,N/A

"IRWD",14.82,15.12

"ISBC",25.44,25.63

"ISCA",32.25,32.72

"ISHG",95.135,95.277

"ISIG",2.8353,2.919

"ISIL",11.76,11.96

"ISIS",54.55,61.30

"ISLE",9.29,9.60

"ISM",23.45,23.60

"ISNS",5.50,5.65

"ISRG",434.75,441.50

"ISRL",135.60,139.80

"ISSC",8.30,8.46

"ISSI",11.65,11.95

"ITCI",16.14,16.48

"ITIC",76.15,78.90

"ITMN",13.5554,14.03

"ITRI",35.04,35.605

"ITRN",22.101,22.47

"IVAC",7.61,7.85

"IVAN",0.5905,0.645

"IXYS",11.41,11.62

"JACK",57.78,58.70

"JACQ",N/A,N/A

"JACQU",N/A,N/A

"JACQW",N/A,N/A

"JAKK",5.75,5.99

"JASO",9.90,10.4065

"JAXB",N/A,N/A

"JAZZ",167.36,171.50

"JBHT",71.54,72.45

"JBLU",8.6702,8.97

"JBSS",22.81,23.18

"JCOM",48.73,50.00

"JCS",12.4282,12.65

"JCTCF",9.65,9.92

"JDSU",13.42,13.77

"JFBI",7.75,7.82

"JGBB",N/A,N/A

"JIVE",7.795,8.06

"JJSF",89.58,91.42

"JKHY",57.97,58.5594

"JMBA",12.10,12.47

"JOBS",82.6101,86.00

"JOEZ",1.28,1.33

"JOSB",54.57,55.30

"JOUT",22.10,22.49

"JRCC",0.74,0.84

"JRJC",7.42,7.76

"JSM",20.64,20.89

"JST",8.3101,8.50

"JTPY",2.60,4.20

"JVA",6.12,6.35

"JXSB",N/A,N/A

"KALU",67.97,68.97

"KBALB",18.40,18.80

"KBIO",3.07,3.15

"KCAP",8.17,8.29

"KCLI",46.98,50.01

"KELYA",24.03,24.37

"KELYB",N/A,N/A

"KEQU",16.46,17.02

"KERX",16.04,16.80

"KEYW",17.50,17.985

"KFFB",8.4999,8.85

"KFRC",20.78,21.21

"KFX",7.882,8.03

"KGJI",1.78,1.82

"KIN",20.30,22.6326

"KINS",6.83,6.98

"KIOR",1.12,1.18

"KIPO",5.88,5.95

"KIPS",0.6521,0.7198

"KIRK",17.27,18.00

"KLAC",64.51,65.635

"KLIC",11.40,11.59

"KMDA",16.48,16.77

"KNDI",13.30,13.83

"KONA",17.29,17.50

"KONE",7.27,7.5999

"KONG",8.805,9.45

"KOOL",2.30,2.61

"KOPN",4.25,4.54

"KOSS",5.1307,5.22

"KPTI",36.905,39.03

"KRFT",54.75,55.57

"KRNY",11.76,12.07

"KTCC",9.95,10.255

"KTEC",12.54,12.99

"KTOS",7.91,8.17

"KUTV",3.22,3.44

"KVHI",12.90,13.26

"KWEB",36.42,37.00

"KYTH",50.89,54.49

"LABC",18.7999,19.00

"LABL",33.58,34.06

"LACO",4.573,4.75

"LAKE",6.675,6.90

"LAMR",49.74,50.67

"LANC",88.36,89.91

"LAND",12.52,13.13

"LARK",19.16,19.49

"LAWS",14.13,15.2325

"LAYN",17.44,18.00

"LBAI",10.85,11.06

"LBIX",4.04,4.04

"LBTYA",86.51,88.19

"LBTYB",87.85,88.11

"LBTYK",85.58,87.00

"LCAV",5.417,5.54

"LCNB",17.52,17.93

"LCUT",15.0835,15.4985

"LDRH",27.90,29.0775

"LEAP",17.54,17.70

"LECO",73.88,74.96

"LEDS",1.33,1.36

"LEVY",9.62,9.73

"LEVYU",N/A,N/A

"LEVYW",0.55,0.6516

"LFUS",91.10,93.19

"LFVN",1.33,1.38

"LGCY",25.90,26.41

"LGIH",16.04,16.89

"LGND",72.38,75.40

"LHCG",23.87,24.75

"LIME",3.08,3.24

"LINC",3.96,4.29

"LINE",33.24,33.469

"LINTA",29.31,30.12

"LINTB",N/A,N/A

"LION",13.60,13.98

"LIOX",7.15,7.35

"LIQD",4.65,4.98

"LIVE",8.65,9.38

"LIWA",5.04,5.19

"LJPC",7.50,7.9001

"LKFN",36.57,37.49

"LKQ",29.00,29.68

"LLEN",N/A,N/A

"LLEX",3.1099,3.48

"LLNW",2.26,2.34

"LLTC",46.07,46.445

"LMAT",7.99,8.20

"LMCA",135.20,137.89

"LMCB",N/A,N/A

"LMIA",14.33,14.85

"LMNR",21.10,21.54

"LMNX",18.62,18.88

"LMOS",18.11,18.555

"LNBB",10.91,11.14

"LNCE",26.64,27.07

"LNCO",31.26,31.60

"LNDC",10.05,10.19

"LOAN",1.8801,2.00

"LOCM",1.55,1.60

"LOGI",15.82,16.17

"LOGM",41.22,42.57

"LOJN",5.13,6.24

"LONG",16.70,18.49

"LOOK",2.20,2.23

"LOPE",45.52,47.98

"LORL",77.60,78.54

"LPDX",4.301,4.45

"LPHI",2.31,2.43

"LPLA",54.08,55.10

"LPNT",52.67,53.49

"LPSB",10.83,10.9762

"LPSN",12.87,13.55

"LPTH",1.42,1.52

"LPTN",4.61,4.74

"LQDT",24.82,25.08

"LRAD",2.07,2.10

"LRCX",52.11,52.58

"LSBI",28.40,28.65

"LSBK",12.49,12.49

"LSCC",7.66,7.86

"LSI",11.07,11.10

"LSTR",58.8425,59.40

"LTBR",3.21,3.5999

"LTRE",2.92,3.00

"LTRX",2.12,2.19

"LTXC",8.91,9.26

"LULU",51.12,51.82

"LUNA",1.55,1.63

"LVNTA",137.60,139.895

"LVNTB",N/A,N/A

"LWAY",14.60,15.20

"LXRX",1.8601,1.96

"LYTS",8.14,8.43

"MACK",4.80,4.9499

"MAG",24.35,24.88

"MAGS",3.99,4.01

"MAMS",5.40,5.70

"MANH",35.43,35.82

"MANT",27.45,28.03

"MAR",51.58,52.72

"MARK",5.7999,6.25

"MARPS",16.02,16.16

"MASC",12.68,12.7653

"MASI",26.36,27.39

"MAT",35.31,35.78

"MATR",5.9001,6.15

"MATW",40.56,41.00

"MAYS",43.651,45.61

"MBFI",28.88,29.37

"MBII",13.34,14.02

"MBIS",2.27,2.32

"MBLX",1.23,1.36

"MBRG",18.18,18.9025

"MBTF",4.80,4.96

"MBUU",17.95,18.501

"MBVT",32.01,32.68

"MBWM",20.37,20.91

"MCBC",5.102,5.20

"MCBK",N/A,N/A

"MCEP",23.00,23.466

"MCGC",4.42,4.46

"MCHP",45.03,45.48

"MCHX",11.48,12.46

"MCOX",3.77,3.8536

"MCRI",17.87,18.67

"MCRL",10.205,10.59

"MCRS",55.15,55.56

"MDAS",21.14,21.58

"MDCA",21.84,25.19

"MDCI",7.62,7.80

"MDCO",29.70,30.9499

"MDIV",21.0001,21.09

"MDLZ",34.30,34.95

"MDRX",17.99,18.8699

"MDSO",62.4751,64.83

"MDVN",84.35,86.20

"MDXG",7.15,7.48

"MEAS",57.64,59.00

"MEIL",3.54,3.5799

"MEILW",0.46,0.4603

"MEILZ",0.40,0.40

"MEIP",8.00,8.39

"MELA",0.7122,0.735

"MELI",90.57,93.26

"MEMP",21.80,21.99

"MENT",20.44,20.72

"MEOH",64.30,65.00

"MERC",8.7601,9.06

"MERU",4.15,4.37

"METR",19.37,20.00

"MFI",8.02,8.14

"MFLX",14.02,14.95

"MFNC",11.999,12.00

"MFRI",14.5108,15.16

"MFRM",39.38,41.76

"MFSF",19.00,19.22

"MGAM",29.78,31.37

"MGCD",11.47,11.47

"MGEE",38.42,39.1099

"MGI",19.34,19.89

"MGIC",8.62,8.84

"MGLN",59.57,60.30

"MGNX",35.0264,36.48

"MGPI",5.6101,5.74

"MGRC",35.89,36.80

"MGYR",7.70,7.75

"MHGC",7.87,8.05

"MHLD",11.04,11.37

"MHLDO",45.05,45.50

"MICT",5.19,5.24

"MICTW",1.10,1.17

"MIDD",256.41,264.75

"MIND",13.58,14.89

"MINI",40.09,41.01

"MITK",5.22,5.48

"MITL",8.64,8.94

"MKSI",29.59,30.36

"MKTO",38.17,39.13

"MKTX",59.05,60.06

"MLAB",93.005,95.20

"MLHR",27.70,28.26

"MLNK",4.70,4.84

"MLNX",36.73,38.00

"MLVF",10.55,10.65

"MMLP",43.40,44.04

"MMSI",14.77,15.55

"MMYT",24.85,25.69

"MNDL",4.11,4.38

"MNDO",2.10,2.1308

"MNGA",0.78,0.8399

"MNKD",5.96,6.13

"MNOV",2.17,2.34

"MNRK",11.2701,11.75

"MNRO",55.91,56.77

"MNST",74.25,75.41

"MNTA",17.61,17.90

"MNTG",5.18,5.26

"MNTX",14.27,14.80

"MOBI",5.35,5.8149

"MOCO",16.60,17.2432

"MOFG",25.65,26.13

"MONT",14.85,16.20

"MORN",81.94,83.28

"MOSY",4.47,4.68

"MOVE",12.72,13.18

"MPAA",25.16,26.61

"MPB",14.47,14.47

"MPEL",41.87,42.57

"MPET",1.35,1.40

"MPWR",34.45,35.19

"MRCC",13.00,13.31

"MRCY",11.05,11.389

"MRGE",2.43,2.58

"MRLN",22.84,23.55

"MRTN",18.81,19.65

"MRTX",20.83,21.92

"MRVL",15.28,16.62

"MSBF",N/A,N/A

"MSCC",22.77,23.45

"MSEX",20.25,20.4985

"MSFG",16.56,17.09

"MSFT",37.86,38.35

"MSG",58.01,58.66

"MSLI",1.36,1.366

"MSON",6.61,6.80

"MSTR",130.47,134.845

"MTEX",19.80,20.30

"MTGE",19.70,19.858

"MTRX",31.99,32.97

"MTSC",71.36,73.26

"MTSI",15.89,16.29

"MTSL",1.78,1.813

"MTSN",2.64,2.84

"MU",24.54,25.59

"MVIS",2.73,3.38

"MWIV",161.20,164.89

"MWRX",N/A,N/A

"MXIM",30.90,31.43

"MXWL",8.06,8.76

"MYGN",36.35,39.15

"MYL",51.26,52.40

"MYRG",23.36,24.10

"MZOR",24.31,24.93

"NAII",5.218,5.28

"NANO",18.45,18.70

"NASB",24.40,25.33

"NATH",50.37,51.045

"NATI",28.75,29.12

"NATL",29.90,30.01

"NATR",15.45,16.18

"NAUH",3.77,3.84

"NAVG",60.64,61.75

"NBBC",6.92,7.04

"NBCB",32.48,33.74

"NBIX",17.50,19.00

"NBN",9.211,9.50

"NBS",6.93,7.0445

"NBTB",22.55,22.86

"NBTF",19.07,19.10

"NCBC",N/A,N/A

"NCIT",11.57,12.00

"NCLH",33.65,34.32

"NCMI",13.935,16.33

"NCTY",2.3764,2.468

"NDAQ",38.89,39.74

"NDLS",35.63,37.21

"NDSN",69.79,70.46

"NECB",7.20,7.20

"NEO",3.23,3.52

"NEOG",42.91,43.73

"NEON",7.05,7.37

"NEPT",2.95,3.1452

"NETE",3.61,4.00

"NEWL",0.635,0.74

"NEWP",19.57,19.98

"NEWS",14.64,15.49

"NEWT",2.90,3.07

"NFBK",12.45,12.64

"NFEC",1.5999,1.62

"NFLX",429.6519,438.70

"NGHC",14.06,14.4499

"NGPC",7.46,7.71

"NHTB",14.82,15.06

"NICE",39.52,40.01

"NICK",15.78,15.90

"NIHD",2.92,3.13

"NILE",34.62,35.17

"NINE",N/A,N/A

"NKSH",36.14,37.6375

"NKTR",13.51,13.87

"NLNK",41.1586,47.44

"NLST",2.01,2.41

"NMIH",11.43,11.99

"NMRX",14.43,14.8023

"NNBR",18.80,19.41

"NOVB",22.86,23.04

"NPBC",10.35,10.54

"NPSP",36.92,39.34

"NRCIA",16.39,17.10

"NRCIB",39.17,40.61

"NRIM",24.20,24.59

"NRX",10.85,11.475

"NSEC",8.4999,8.58

"NSIT",22.64,23.11

"NSPH",2.47,2.55

"NSSC",6.88,7.08

"NSTG",17.40,17.84

"NSYS",5.13,5.19

"NTAP",39.65,40.17

"NTCT",36.79,37.56

"NTES",70.45,72.73

"NTGR",34.16,34.73

"NTIC",20.50,20.80

"NTK",72.52,74.78

"NTLS",15.86,16.26

"NTRI",15.52,16.00

"NTRS",61.12,62.29

"NTWK",4.68,4.83

"NUAN",15.02,15.24

"NUCL",N/A,N/A

"NURO",2.42,2.51

"NUTR",25.765,26.31

"NUVA",36.69,37.57

"NVAX",5.70,5.88

"NVDA",18.52,18.99

"NVDQ",20.26,20.57

"NVEC",56.8192,58.23

"NVEE",N/A,N/A

"NVEEW",2.07,2.88

"NVFY",6.64,7.30

"NVGN",3.98,4.09

"NVMI",10.90,11.0999

"NVSL",7.10,7.15

"NVTL",2.48,2.63

"NWBI",13.99,14.175

"NWBO",6.25,6.50

"NWBOW",3.2575,4.00

"NWFL",30.05,30.0501

"NWLI",209.86,212.73

"NWPX",34.08,36.03

"NWS",17.01,17.31

"NWSA",17.44,17.76

"NXPI",55.55,57.17

"NXST",43.80,45.17

"NXTM",13.40,13.91

"NYMT",7.44,7.49

"NYMTP",21.75,21.93

"NYMX",5.73,5.83

"NYNY",7.1819,7.36

"OABC",21.53,22.15

"OBAF",18.181,19.00

"OBAS",6.15,6.15

"OBCI",2.90,2.911

"OCC",3.74,3.75

"OCFC",17.26,17.89

"OCLR",2.82,2.95

"OCLS",3.761,3.979

"OCRX",14.62,15.12

"ODFL",52.67,53.49

"OFED",17.40,17.4001

"OFIX",21.37,22.16

"OFLX",20.21,21.00

"OFS",12.75,12.85

"OGXI",11.56,11.95

"OHRP",15.21,16.01

"OIIM",3.66,3.8896

"OINK",1.6601,1.73

"OKSB",16.82,17.63

"OLBK",17.062,17.54

"OLED",33.09,33.99

"OMAB",24.528,25.16

"OMCL",27.80,28.50

"OMED",35.80,37.8325

"OMER",13.75,14.68

"OMEX",1.81,1.96

"ONB",13.12,13.48

"ONCY",1.63,1.70

"ONEQ",167.8862,168.896

"ONFC",12.4999,12.4999

"ONNN",9.295,9.67

"ONTX",8.5447,9.20

"ONTY",2.83,2.965

"ONVI",5.32,5.33

"OPEN",74.77,77.85

"OPHC",1.3915,1.57

"OPHT",35.5001,36.3702

"OPLK",17.08,17.568

"OPOF",15.75,15.80

"OPTT",4.26,4.6399

"OPXA",1.64,1.82

"ORBC",7.58,7.86

"ORBK",13.44,13.67

"ORBT",3.40,3.47

"OREX",7.07,7.34

"ORIG",17.1435,17.6099

"ORIT",15.29,15.50

"ORLY",153.01,154.50

"ORMP",14.01,15.40

"ORRF",16.15,16.40

"OSBC",4.89,5.05

"OSBCP",12.44,12.4901

"OSHC",13.87,13.95

"OSIR",16.46,17.04

"OSIS",61.7185,62.602

"OSM",23.75,23.84

"OSN",1.07,1.15

"OSTK",18.53,18.95

"OSUR",6.67,6.90

"OTEL",5.57,5.65

"OTEX",50.93,52.12

"OTIV",3.06,3.34

"OTTR",30.45,30.86

"OUTR",71.23,72.264

"OVAS",9.52,9.89

"OVBC",22.55,22.90

"OVLY",9.50,9.96

"OVRL",0.94,1.01

"OVTI",15.0915,15.60

"OXBT",6.08,6.40

"OXFD",22.60,24.00

"OXGN",2.04,2.07

"OXLC",18.00,18.55

"OXLCO",23.41,23.56

"OXLCP",N/A,N/A

"OZRK",59.21,60.345

"PAAS",14.81,15.63

"PACB",7.09,7.30

"PACR",8.89,8.92

"PACT",7.17,7.20

"PACW",38.60,39.84

"PAGG",29.20,29.50

"PAMT",14.62,15.00

"PATH",4.18,4.33

"PATK",43.23,45.80

"PATR",34.76,36.765

"PAYX",40.90,41.77

"PBCP",9.50,9.52

"PBCT",13.94,14.07

"PBHC",N/A,N/A

"PBIB",0.98,1.00

"PBIP",10.595,10.84

"PBMD",1.35,1.44

"PBPB",19.495,20.20

"PBSK",14.02,14.02

"PCAR",61.84,65.09

"PCBK",14.13,14.23

"PCCC",20.055,20.59

"PCH",40.04,40.63

"PCLN",1283.00,1333.12

"PCMI",10.39,10.75

"PCO",1.43,1.47

"PCOM",30.70,31.99

"PCRX",71.99,74.60

"PCTI",8.21,8.58

"PCYC",148.00,154.89

"PCYG",8.76,8.9975

"PCYO",6.40,6.53

"PDCE",57.22,60.50

"PDCO",40.22,40.99

"PDEX",2.45,2.52

"PDFS",21.16,22.12

"PDII",5.05,5.19

"PDLI",8.61,8.89

"PEBK",15.6712,15.70

"PEBO",22.40,23.0499

"PEGA",44.55,46.50

"PEGI",25.85,26.93

"PEIX",8.7498,9.12

"PENN",11.33,11.61

"PENX",12.8201,12.95

"PEOP",17.88,18.10

"PERF",6.15,6.20

"PERI",11.341,11.76

"PERY",15.25,15.60

"PESI",3.56,3.6099

"PETM",64.05,64.98

"PETS",13.19,13.45

"PETX",21.89,22.56

"PFBC",22.295,22.90

"PFBI",13.99,14.229

"PFBX",13.17,13.17

"PFIN",7.32,7.50

"PFLT",13.97,14.15

"PFMT",7.11,7.755

"PFPT",41.001,42.47

"PFSW",8.11,8.41

"PGC",18.5001,18.9625

"PGNX",4.60,4.97

"PGRX",1.51,1.60

"PGTI",12.01,12.34

"PHII",39.75,40.00

"PHIIK",40.01,41.15

"PHMD",13.74,14.07

"PICO",24.64,24.9999

"PINC",33.82,35.16

"PKBK",11.85,11.889

"PKOH",48.57,49.73

"PKT",12.14,12.46

"PLAB",8.35,8.68

"PLBC",6.41,6.65

"PLCC",N/A,N/A

"PLCE",53.29,54.42

"PLCM",13.11,13.22

"PLKI",38.78,39.47

"PLMT",12.4519,13.00

"PLNR",2.23,2.31

"PLPC",63.07,65.72

"PLPM",3.45,3.70

"PLTM",12.43,12.54

"PLUG",3.58,3.75

"PLUS",56.89,57.57

"PLXS",39.82,40.74

"PLXT",5.77,5.95

"PMBC",6.10,6.30

"PMCS",7.28,7.45

"PMD",16.551,17.1999

"PME",2.9304,3.19

"PMFG",6.43,6.70

"PNBK",1.24,1.2648

"PNFP",34.18,34.74

"PNNT",11.55,11.67

"PNQI",71.20,72.07

"PNRA",179.42,185.28

"PNRG",51.75,53.99

"PNTR",9.74,10.16

"PODD",43.86,45.91

"POOL",58.19,59.025

"POPE",67.50,68.00

"POWI",59.035,60.59

"POWL",65.21,66.71

"POZN",8.20,8.35

"PPBI",15.83,16.20

"PPC",16.05,17.50

"PPHM",1.76,1.90

"PPHMP",24.70,25.01

"PPSI",9.95,10.22

"PRAA",56.82,59.28

"PRAN",7.60,8.49

"PRCP",14.25,14.90

"PRFT",20.13,20.64

"PRFZ",96.35,96.768

"PRGN",6.42,6.529

"PRGS",24.65,24.96

"PRGX",6.39,6.57

"PRIM",32.27,32.96

"PRKR",4.58,4.78

"PRLS",3.63,3.63

"PRMW",2.93,3.08

"PROV",14.2221,15.35

"PRPH",2.01,2.10

"PRSC",26.35,27.08

"PRSS",5.38,5.658

"PRTA",30.07,31.05

"PRTS",2.00,2.07

"PRXI",1.00,1.01

"PRXL",53.12,54.21

"PSAU",22.45,22.91

"PSBH",N/A,N/A

"PSCC",47.42,47.75

"PSCD",46.319,46.58

"PSCE",47.15,47.568

"PSCF",38.15,38.50

"PSCH",56.26,56.71

"PSCI",44.32,44.6215

"PSCM",43.15,43.60

"PSCT",44.9101,45.24

"PSCU",34.997,35.11

"PSDV",4.52,4.70

"PSEC",11.31,11.39

"PSEM",8.48,8.80

"PSIX",72.20,76.93

"PSMI",5.62,5.94

"PSMT",93.20,94.95

"PSTB",6.58,6.886

"PSTI",3.9901,4.06

"PSTR",1.24,1.27

"PSUN",2.76,2.809

"PTC",38.47,38.94

"PTCT",29.60,31.00

"PTEK",1.03,1.0967

"PTEN",28.97,29.65

"PTIE",5.1671,5.45

"PTLA",25.43,26.982

"PTNR",8.72,8.84

"PTNT",3.10,3.22

"PTRY",13.88,14.235

"PTSI",19.32,19.45

"PTSX",0.50,0.50

"PTX",2.97,3.109

"PULB",10.13,10.33

"PVTB",27.56,28.12

"PVTBP",26.40,26.69

"PWOD",45.82,47.28

"PWRD",20.21,21.2125

"PWX",17.801,18.26

"PXLW",5.24,5.55

"PZZA",47.59,48.16

"PZZI",6.29,6.51

"QABA",34.32,34.47

"QADA",18.35,19.11

"QADB",16.40,17.06

"QBAK",1.30,1.4301

"QCCO",2.76,2.85

"QCLN",19.62,20.05

"QCOM",75.57,76.545

"QCOR",75.54,78.5399

"QCRH",17.15,17.25

"QDEL",27.88,28.18

"QGEN",21.98,22.30

"QIWI",39.76,41.38

"QKLS",4.55,4.55

"QLGC",11.09,11.51

"QLIK",27.91,29.93

"QLTI",6.43,6.60

"QLTY",14.10,14.85

"QLYS",26.31,26.95

"QNST",6.81,6.94

"QPAC",N/A,N/A

"QPACU",N/A,N/A

"QPACW",0.35,0.35

"QQEW",38.0316,38.25

"QQQ",89.82,90.465

"QQQC",22.471,22.94

"QQQX",18.15,18.31

"QQXT",36.15,36.37

"QSII",17.65,17.96

"QTEC",37.4189,37.65

"QTET",9.71,9.72

"QTETR",0.45,0.45

"QTETU",N/A,N/A

"QTWW",8.66,9.10

"QUIK",5.00,5.24

"QUMU",15.79,15.95

"QUNR",31.00,32.7999

"QURE",16.50,17.09

"QYLD",25.82,25.83

"RADA",1.53,1.56

"RAIL",22.40,23.355

"RAND",3.12,3.1201

"RARE",49.62,62.48

"RAVN",36.87,37.68

"RBCAA",23.79,24.00

"RBCN",12.17,12.56

"RBPAA",1.85,2.10

"RCII",24.15,24.94

"RCKB",13.11,13.26

"RCKY",15.15,15.3785

"RCMT",6.8646,6.99

"RCON",6.21,6.80

"RCPT",44.30,45.75

"RDA",18.00,18.09

"RDCM",5.82,6.08

"RDEN",27.91,28.79

"RDHL",12.90,12.9899

"RDI",7.36,7.44

"RDIB",N/A,N/A

"RDNT",1.94,2.03

"RDVY",19.79,19.86

"RDWR",16.28,16.70

"RECN",13.11,13.31

"REDF",2.2201,2.32

"REFR",6.50,6.74

"REGI",11.09,11.4001

"REGN",326.70,340.24

"REIS",16.77,18.19

"RELL",10.96,11.24

"RELV",2.15,2.25

"REMY",21.23,22.31

"RENT",65.35,69.00

"REXI",9.21,9.55

"REXX",17.53,18.49

"RFIL",6.77,6.93

"RFMD",5.77,5.99

"RGCO",N/A,N/A

"RGDO",6.67,6.90

"RGDX",1.4399,1.58

"RGEN",16.06,16.65

"RGLD",66.16,68.04

"RGLS",10.44,11.07

"RIBT",4.96,5.07

"RIBTW",1.21,1.29

"RICK",11.10,11.37

"RIGL",3.23,3.485

"RITT",1.75,1.89

"RITTW",0.50,0.549

"RIVR",N/A,N/A

"RJET",8.59,8.98

"RLJE",4.42,4.45

"RLOC",10.5837,10.72

"RLOG",6.30,6.60

"RLYP",39.1501,40.79

"RMBS",9.275,9.59

"RMCF",11.5996,11.95

"RMGN",4.81,5.00

"RMTI",12.50,13.4699

"RNA",6.01,6.25

"RNET",46.12,47.93

"RNST",26.7715,27.56

"RNWK",7.14,7.24

"ROBO",27.04,27.30

"ROCK",18.54,19.00

"ROIA",5.00,5.29

"ROIAK",4.941,5.31

"ROIC",14.54,14.67

"ROICU",18.50,18.50

"ROICW",2.54,2.67

"ROIQ",N/A,N/A

"ROIQU",10.13,10.14

"ROIQW",0.40,0.40

"ROLL",62.54,63.60

"ROSE",44.37,45.82

"ROSG",3.87,4.10

"ROST",67.39,68.45

"ROVI",24.16,24.51

"ROYL",2.81,2.87

"RP",20.42,21.01

"RPRX",18.56,19.31

"RPRXW",N/A,N/A

"RPRXZ",N/A,N/A

"RPTP",16.00,17.17

"RPXC",15.96,16.40

"RRD",18.09,18.495

"RRGB",72.78,74.36

"RRST",9.30,9.39

"RSOL",3.78,3.90

"RSTI",22.58,23.06

"RSYS",3.30,3.77

"RTIX",3.80,3.89

"RTK",1.85,1.91

"RTRX",17.10,19.76

"RUDR",N/A,N/A

"RUSHA",28.378,28.94

"RUSHB",24.14,24.49

"RUTH",12.89,14.39

"RVBD",20.80,21.03

"RVLT",3.40,3.50

"RVNC",25.74,30.45

"RVSB",3.36,3.42

"RXII",4.57,4.80

"RYAAY",55.80,56.48

"SAAS",8.60,8.95

"SAEX",9.0054,9.19

"SAFM",72.59,75.15

"SAFT",55.80,56.04

"SAIA",33.515,34.419

"SAL",N/A,N/A

"SALE",42.23,43.50

"SALM",8.36,8.49

"SAMG",16.70,17.50

"SANM",16.90,17.12

"SANW",5.91,6.33

"SANWZ",N/A,N/A

"SAPE",16.51,16.98

"SASR",23.11,23.62

"SATS",43.41,47.11

"SAVE",52.75,54.34

"SBAC",97.08,99.64

"SBBX",8.90,8.98

"SBCF",10.73,10.96

"SBFG",8.65,8.80

"SBGI",28.77,30.04

"SBLK",10.85,11.01

"SBNY",121.87,123.41

"SBNYW",N/A,N/A

"SBRA",27.75,28.05

"SBRAP",23.858,24.2499

"SBSA",4.15,4.39

"SBSI",29.00,29.5735

"SBUX",72.52,73.86

"SCAI",30.12,31.82

"SCBT",59.65,62.596

"SCHL",34.07,34.522

"SCHN",25.14,25.98

"SCLN",4.88,4.98

"SCMP",8.34,8.60

"SCOK",1.21,1.26

"SCON",2.4684,2.59

"SCOR",31.73,32.73

"SCSC",38.52,39.64

"SCSS",17.36,17.90

"SCTY",74.91,77.40

"SCVL",25.43,26.266

"SEAC",11.98,12.21

"SEED",2.15,2.34

"SEIC",34.145,34.64

"SENEA",30.00,30.65

"SENEB",N/A,N/A

"SEV",12.01,12.36

"SFBC",17.15,17.22

"SFLY",47.35,49.18

"SFM",35.65,36.43

"SFNC",33.965,34.72

"SFST",13.64,13.65

"SFXE",8.14,8.80

"SGC",15.05,15.25

"SGEN",53.26,55.86

"SGI",11.98,12.17

"SGMA",10.35,10.6599

"SGMO",18.22,19.77

"SGMS",12.835,13.48

"SGNT",21.35,22.17

"SGOC",3.70,3.932

"SGRP",2.0999,2.15

"SGYP",5.80,6.11

"SGYPU",N/A,N/A

"SGYPW",2.25,2.30

"SHBI",9.57,9.80

"SHEN",26.52,27.43

"SHIP",1.55,1.85

"SHLD",40.63,41.39

"SHLM",33.35,33.96

"SHLO",17.71,18.25

"SHOO",33.245,34.93

"SHOR",8.61,9.00

"SHOS",22.85,23.558

"SHPG",167.31,169.216

"SIAL",92.98,94.48

"SIBC",N/A,N/A

"SIEB",2.78,2.82

"SIFI",11.68,11.84

"SIFY",2.02,2.12

"SIGA",3.29,3.39

"SIGI",23.02,23.62

"SIGM",4.80,4.90

"SILC",67.53,68.65

"SIMG",5.80,5.92

"SIMO",16.30,16.79

"SINA",72.58,74.20

"SINO",2.4482,2.74

"SIRI",3.57,3.61

"SIRO",67.22,68.38

"SIVB",118.14,120.08

"SIVBO",25.379,25.379

"SKBI",5.40,6.15

"SKUL",7.71,7.95

"SKYW",11.95,12.43

"SKYY",27.91,28.30

"SLAB",49.215,50.685

"SLGN",47.28,47.715

"SLM",23.275,23.91

"SLMAP",46.499,46.80

"SLMBP",67.81,67.81

"SLP",5.98,6.0999

"SLRC",22.2272,22.47

"SLTC",6.90,6.99

"SLVO",16.69,16.78

"SLXP",102.77,105.69

"SMBC",N/A,N/A

"SMCI",20.18,22.3499

"SMED",5.04,5.26

"SMIT",2.53,2.53

"SMLR",6.00,7.00

"SMMF",10.63,11.00

"SMPL",16.29,16.39

"SMRT",12.508,13.25

"SMSI",1.85,2.00

"SMT",3.29,3.55

"SMTC",24.04,24.45

"SMTP",6.17,6.65

"SMTX",2.11,2.1999

"SNAK",12.89,13.17

"SNBC",3.30,3.37

"SNCR",31.928,32.71

"SNDE",N/A,N/A

"SNDK",74.16,75.60

"SNFCA",4.00,4.23

"SNHY",41.60,42.49

"SNMX",8.71,9.11

"SNPS",39.76,40.535

"SNSS",4.77,5.22

"SNTA",6.41,6.63

"SOCB",6.06,6.19

"SOCL",21.82,22.27

"SODA",40.36,42.1499

"SOFO",9.50,9.76

"SOHO",6.15,6.39

"SOHOL",25.75,25.75

"SOHU",74.17,75.61

"SONA",10.04,10.15

"SONC",19.36,19.655

"SONS",3.69,3.85

"SORL",4.56,4.72

"SOXX",76.2056,77.03

"SP",26.95,27.725

"SPAN",19.025,19.76

"SPAR",5.44,5.73

"SPBC",19.56,19.59

"SPCB",5.47,5.69

"SPCHA",1.15,1.1504

"SPCHB",1.15,1.17

"SPDC",3.93,4.05

"SPEX",4.83,5.13

"SPHS",4.00,4.08

"SPIL",6.25,6.33

"SPLK",87.38,89.83

"SPLS",13.08,13.183

"SPNC",26.29,26.88

"SPNS",7.13,7.27

"SPPI",8.57,8.75

"SPPR",2.85,3.17

"SPPRO",15.76,17.70

"SPPRP",5.8254,6.0166

"SPRO",2.05,2.20

"SPRT",2.52,2.57

"SPSC",62.97,65.15

"SPTN",21.45,22.26

"SPU",1.85,1.91

"SPWR",33.22,34.47

"SQBG",5.65,5.75

"SQI",29.41,30.00

"SQNM",2.30,2.37

"SQQQ",51.65,52.7499

"SRCE",30.03,30.45

"SRCL",114.64,116.82

"SRDX",24.91,25.49

"SREV",8.55,9.21

"SRNE",9.11,9.53

"SRPT",27.24,28.73

"SSBI",10.938,11.14

"SSFN",N/A,N/A

"SSH",8.2964,8.9606

"SSNC",38.73,39.75

"SSRI",10.24,10.88

"SSYS",126.26,128.89

"STAA",14.50,14.78

"STB",6.10,6.18

"STBA",21.63,22.19

"STBZ",16.76,17.04

"STCK",18.0696,18.43

"STEM",1.46,1.51

"STFC",18.95,19.46

"STKL",9.30,9.56

"STLD",17.65,18.07

"STLY",3.05,3.151

"STML",27.70,30.21

"STMP",35.46,36.22

"STNR",42.668,44.5768

"STRA",38.15,47.50

"STRL",9.25,9.41

"STRM",6.35,6.61

"STRN",5.37,5.42

"STRS",17.00,17.774

"STRT",62.11,63.00

"STRZA",30.06,31.76

"STRZB",N/A,N/A

"STSA",29.76,30.29

"STSI",0.82,0.92

"STX",50.735,51.80

"STXS",5.79,6.12

"SUBK",19.61,20.04

"SUMR",1.82,1.90

"SUNS",18.4823,18.70

"SUPN",9.37,9.87

"SUPX",32.95,33.03

"SURG",3.41,3.54

"SUSQ",10.40,10.52

"SUTR",1.7899,1.84

"SVA",6.62,6.829

"SVBI",4.38,4.44

"SVVC",23.81,24.12

"SWHC",12.25,12.64

"SWIR",19.60,20.169

"SWKS",32.69,33.44

"SWSH",0.5216,0.57

"SYBT",28.76,29.085

"SYKE",20.07,20.39

"SYMC",20.32,20.61

"SYMX",1.50,1.66

"SYNA",62.12,64.15

"SYNC",2.63,2.69

"SYNL",14.64,14.95

"SYNM",3.70,3.83

"SYNT",90.608,92.58

"SYPR",3.00,3.14

"SYUT",7.87,8.00

"SZMK",9.50,9.74

"SZYM",11.11,11.45

"TACT",11.52,11.98

"TAIT",1.16,1.1601

"TASR",18.61,19.38

"TAST",6.29,6.52

"TATT",8.15,8.20

"TAX",25.65,26.80

"TAXI",14.29,14.59

"TAYC",22.73,23.05

"TAYCO",26.39,27.38

"TAYCP",26.2499,26.47

"TAYD",8.17,8.49

"TBBK",18.65,19.25

"TBNK",22.30,22.50

"TBOW",1.34,1.35

"TCBI",59.21,60.20

"TCBIL",23.1101,23.39

"TCBIP",23.46,23.87

"TCBIW",N/A,N/A

"TCBK",24.59,25.14

"TCCO",7.20,7.4999

"TCFC",20.52,20.52

"TCPC",17.80,18.13

"TCRD",15.727,15.94

"TCX",13.00,13.78

"TDIV",24.35,24.54

"TEAR",7.01,7.38

"TECD",57.74,58.98

"TECH",88.34,89.62

"TECUA",7.87,8.21

"TECUB",7.56,7.87

"TELK",1.32,1.36

"TESO",20.79,21.17

"TESS",36.47,37.16

"TFCO",6.07,6.07

"TFM",31.49,32.57

"TFSL",11.63,11.772

"TGA",7.09,7.40

"TGE",6.80,7.085

"TGLS",N/A,N/A

"TGTX",5.54,5.86

"THFF",33.19,33.845

"THLD",4.73,4.85

"THOR",35.69,36.87

"THRD",N/A,N/A

"THRM",26.27,27.71

"THRX",38.78,39.97

"THST",5.8815,5.90

"THTI",1.00,1.09

"TIBX",21.11,21.37

"TICC",10.30,10.53

"TIGR",1.60,1.63

"TILE",18.67,20.88

"TINY",3.023,3.08

"TIPT",N/A,N/A

"TISA",5.12,5.3886

"TITN",15.46,15.90

"TIVO",12.645,13.02

"TKMR",18.50,22.14

"TLF",9.62,9.89

"TLMR",13.56,13.80

"TLOG",8.97,9.4099

"TMNG",2.965,2.98

"TNAV",5.71,5.79

"TNDM",24.79,25.20

"TNGO",19.16,19.87

"TNXP",14.54,15.17

"TOFC",22.39,22.66

"TOPS",1.35,1.4003

"TORM",10.04,10.3199

"TOWN",14.975,15.19

"TQNT",9.23,9.40

"TQQQ",65.28,66.6652

"TRAK",53.91,55.75

"TRCB",7.8499,7.8499

"TRCH",4.58,5.00

"TREE",33.06,33.36

"TRGT",4.668,4.88

"TRIB",26.48,26.81

"TRIP",96.215,97.97

"TRIT",N/A,N/A

"TRMB",38.28,38.71

"TRMK",22.87,23.17

"TRNS",9.197,9.20

"TRNX",19.42,20.67

"TROV",6.5001,6.75

"TROVU",N/A,N/A

"TROVW",4.00,4.32

"TROW",79.71,80.655

"TRS",32.85,33.50

"TRST",6.44,6.50

"TRVN",7.17,8.19

"TSBK",11.20,11.68

"TSC",13.08,13.58

"TSCO",65.23,66.74

"TSEM",6.94,7.06

"TSLA",209.19,213.98

"TSPT",3.30,3.34

"TSRA",19.07,19.44

"TSRE",7.079,7.75

"TSRI",3.229,3.26

"TSRO",31.574,32.69

"TST",2.68,2.89

"TSYS",2.18,2.25

"TTEC",21.37,22.03

"TTEK",28.14,28.89

"TTGT",7.05,7.30

"TTHI",6.66,6.73

"TTMI",7.92,8.18

"TTPH",13.75,14.35

"TTS",14.01,15.99

"TTWO",19.24,19.85

"TUES",14.25,14.53

"TVIX",6.75,7.17

"TVIZ",31.065,31.84

"TWER",2.58,2.72

"TWGP",2.67,2.79

"TWIN",22.44,22.75

"TWMC",3.90,4.02

"TWTC",30.17,30.78

"TXN",44.02,44.43

"TXRH",25.885,26.50

"TYPE",28.98,29.506

"TZOO",23.245,23.79

"UACL",24.61,26.40

"UBCP",8.24,8.59

"UBFO",5.13,5.22

"UBIC",4.70,4.99

"UBNK",17.56,17.78

"UBNT",50.00,51.22

"UBOH",15.48,15.87

"UBSH",24.46,25.00

"UBSI",28.24,28.67

"UCBA",11.10,11.11

"UCBI",15.80,16.16

"UCFC",3.55,3.61

"UCTT",13.07,13.61

"UEIC",35.83,40.99

"UEPS",9.81,10.09

"UFCS",29.39,30.877

"UFPI",53.14,55.05

"UFPT",25.59,25.93

"UG",28.02,28.36

"UGLD",16.75,17.10

"UHAL",226.599,229.36

"UIHC",14.45,14.90

"ULBI",3.53,3.79

"ULTA",83.98,87.18

"ULTI",166.18,171.54

"ULTR",3.32,3.39

"UMBF",56.708,58.31

"UMPQ",16.60,16.865

"UNAM",13.01,13.01

"UNB",22.63,22.63

"UNFI",68.67,70.25

"UNIS",4.21,4.30

"UNTD",12.475,14.42

"UNTK",1.60,1.70

"UNTY",7.82,7.86

"UNXL",9.66,10.56

"UPI",4.25,4.45

"UPIP",1.51,1.61

"URBN",35.70,36.14

"URRE",2.58,2.68

"USAK",14.06,14.38

"USAP",33.41,34.50

"USAT",2.11,2.19

"USATP",19.06,20.00

"USBI",7.61,7.83

"USCR",23.78,25.00

"USEG",3.95,4.19

"USLM",56.75,57.38

"USLV",61.041,63.60

"USMD",14.0001,15.33

"USMO",14.14,14.54

"USTR",41.39,42.106

"UTEK",25.90,26.47

"UTHR",103.20,106.963

"UTIW",15.39,15.63

"UTMD",57.24,59.03

"UTSI",2.53,2.661

"UVSP",18.595,18.89

"VALU",13.60,14.00

"VASC",25.15,25.79

"VBFC",1.361,1.371

"VCIT",84.39,84.63

"VCLT",85.20,85.64

"VCSH",80.05,80.16

"VCYT",14.59,15.30

"VDSI",7.53,8.10

"VECO",39.14,40.1923

"VGIT",63.52,63.62

"VGLT",66.64,67.02

"VGSH",60.92,60.97

"VIA",86.78,87.27

"VIAB",86.47,87.358

"VIAS",13.35,13.70

"VICL",1.39,1.47

"VICR",10.75,11.16

"VIDE",3.8346,3.90

"VIDI",24.04,24.16

"VIEW",2.34,2.42

"VIFL",7.14,7.194

"VIIX",56.49,58.33

"VIIZ",20.88,21.12

"VIMC",2.72,2.9799

"VIP",10.185,10.42

"VIRC",2.43,2.52

"VISN",26.05,27.65

"VITC",5.53,5.97

"VIVO",21.55,21.84

"VLCCF",9.64,10.00

"VLGEA",27.78,28.15

"VLTC",3.91,4.04

"VLYWW",0.24,0.24

"VMBS",51.65,51.76

"VNDA",13.75,14.75

"VNET",25.98,27.36

"VNQI",53.7703,54.0211

"VNR",30.44,30.80

"VNRAP",26.8601,27.09

"VOCS",12.89,13.22

"VOD",38.565,39.57

"VOLC",21.97,22.35

"VONE",85.168,85.57

"VONG",88.78,89.20

"VONV",81.894,82.21

"VOXX",12.63,12.90

"VPFG",23.90,24.74

"VPRT",50.39,51.40

"VRA",25.85,26.78

"VRML",2.9215,3.07

"VRNG",4.06,4.1399

"VRNGW",1.35,1.43

"VRNT",45.85,46.85

"VRSK",65.39,66.29

"VRSN",54.98,55.99

"VRTA",1.5129,1.59

"VRTB",5.50,5.63

"VRTS",177.38,181.39

"VRTU",36.02,36.78

"VRTX",83.48,86.12

"VSAT",64.05,67.95

"VSCI",1.46,1.57

"VSCP",3.30,3.39

"VSEC",45.71,46.99

"VSTM",14.76,15.40

"VTHR",86.13,86.18

"VTIP",49.427,49.479

"VTNC",6.47,6.49

"VTNR",3.55,3.89

"VTSS",3.58,3.73

"VTUS",1.51,1.56

"VTWG",100.09,100.61

"VTWO",92.07,92.5772

"VTWV",84.60,84.9099

"VUSE",24.92,24.92

"VVTV",5.754,5.92

"VVUS",6.74,6.90

"VWOB",76.23,76.771

"VXUS",51.88,52.14

"VYFC",N/A,N/A

"WABC",48.37,49.37

"WAFD",21.55,21.95

"WAFDW",N/A,N/A

"WASH",33.92,34.59

"WAVX",0.9308,1.00

"WAYN",11.72,11.75

"WBB",14.40,14.44

"WBCO",17.97,18.31

"WBKC",N/A,N/A

"WBMD",46.73,49.48

"WDC",86.50,88.155

"WDFC",70.23,71.16

"WEBK",18.50,19.03

"WEN",9.87,10.135

"WERN",25.69,26.25

"WETF",14.29,15.06

"WEYS",25.79,26.32

"WFBI",N/A,N/A

"WFD",7.29,7.44

"WFM",52.52,53.1899

"WHF",14.84,15.14

"WHFBL",24.95,25.10

"WHLR",4.30,4.3082

"WIBC",9.72,9.88

"WIFI",5.90,6.06

"WILC",8.04,8.16

"WILN",3.07,3.0999

"WIN",7.84,7.95

"WINA",80.64,82.6993

"WIRE",51.29,53.07

"WIX",28.70,29.92

"WLB",20.30,22.31

"WLBPZ",35.29,37.80

"WLDN",4.59,4.67

"WLFC",17.70,17.75

"WMAR",12.85,13.00

"WMGI",31.45,32.32

"WMGIZ",0.296,0.35

"WOOD",53.26,53.58

"WOOF",30.40,30.84

"WPCS",1.76,1.92

"WPPGY",111.5003,112.93

"WPRT",16.65,16.95

"WRES",3.70,3.885

"WRLD",99.12,101.56

"WSBC",27.35,28.144

"WSBF",10.58,10.65

"WSCI",6.42,6.53

"WSFS",67.90,71.3675

"WSFSL",N/A,N/A

"WSTC",24.31,24.96

"WSTG",14.22,14.50

"WSTL",4.12,4.25

"WTBA",14.28,14.944

"WTFC",43.67,44.28

"WTFCW",21.76,21.81

"WTSL",1.82,1.91

"WVFC",N/A,N/A

"WVVI",6.2001,6.3699

"WWD",42.97,43.73

"WWWW",35.61,36.40

"WYNN",221.84,228.75

"XBKS",6.01,6.0999

"XGTI",1.31,1.36

"XGTIW",0.32,0.5999

"XIV",31.70,32.83

"XLNX",50.60,51.43

"XLRN",43.55,48.13

"XNCR",10.155,11.87

"XNPT",5.75,6.19

"XOMA",7.45,8.62

"XONE",46.12,48.3799

"XOOM",26.28,27.31

"XPLR",6.38,6.50

"XRAY",44.98,45.76

"XRSC",2.62,2.70

"XRTX",13.2097,13.23

"XTEX",29.80,30.65

"XTLB",3.50,3.908

"XTXI",40.68,41.69

"XWES",4.20,4.30

"XXIA",12.50,12.83

"YDIV",20.3362,20.38

"YDKN",18.99,19.33

"YHOO",37.22,37.96

"YNDX",36.616,37.61

"YOD",5.95,6.40

"YONG",6.58,6.63

"YORW",20.21,20.53

"YRCW",20.782,22.3399

"YY",66.50,69.30

"Z",77.52,81.34

"ZAGG",4.20,4.43

"ZAZA",0.9396,0.96

"ZBRA",65.11,67.04

"ZEUS",27.50,28.60

"ZGNX",4.64,4.805

"ZHNE",4.00,4.09

"ZIGO",14.75,15.10

"ZINC",16.70,17.19

"ZION",29.74,30.13

"ZIONW",6.00,6.09

"ZIONZ",N/A,N/A

"ZIOP",4.29,4.42

"ZIPR",4.614,5.03

"ZIV",39.20,39.7699

"ZIXI",4.62,4.75

"ZJZZT",N/A,N/A

"ZLCS",1.51,1.63

"ZLTQ",19.34,21.24

"ZN",1.70,1.75

"ZNGA",4.93,5.08

"ZOLT",16.72,16.745

"ZOOM",4.40,4.534

"ZU",40.51,42.49

"ZUMZ",22.10,22.65

"ZVZZT",N/A,N/A

"ZWZZT",N/A,N/A

"ZXYZ.A",N/A,N/A

"ZXZZT",N/A,N/A

